Zip Code,Neighborhood
2134,Allston
2116,Back Bay
2114,Beacon Hill
2108,Beacon Hill
2135,Brighton
2113,Downtown
2109,Downtown
2110,Downtown
2199,Downtown
2203,Downtown
2215,Downtown
2222,Downtown
2283,Downtown
2284,Downtown
2293,Downtown
2297,Downtown
2298,Downtown
2129,Charlestown
2111,Chinatown
2121,Dorchester
2122,Dorchester
2124,Dorchester
2125,Dorchester
2128,East Boston
2136,Hyde Park
2130,Jamaica Plain
2115,Longwood
2126,Mattapan
2120,Mission Hill
2119,Roxbury
2127,South Boston
2210,South Boston Waterfront
2118,South End
2131,Roslindale
2132,West Roxbury
